CD_REGIAO,NM_REGIAO,CD_UF,NM_UF,CD_MUN,NM_MUN,Total_setores,População
3,Sudeste,35,São Paulo,3500105,Adamantina,107,34687
3,Sudeste,35,São Paulo,3500204,Adolfo,16,4351
3,Sudeste,35,São Paulo,3500303,Aguaí,63,32072
3,Sudeste,35,São Paulo,3500402,Águas da Prata,24,7369
3,Sudeste,35,São Paulo,3500501,Águas de Lindóia,49,17930
3,Sudeste,35,São Paulo,3500550,Águas de Santa Bárbara,29,7177
3,Sudeste,35,São Paulo,3500600,Águas de São Pedro,7,2780
3,Sudeste,35,São Paulo,3500709,Agudos,68,37680
3,Sudeste,35,São Paulo,3500758,Alambari,15,6141
3,Sudeste,35,São Paulo,3500808,Alfredo Marcondes,15,4445
3,Sudeste,35,São Paulo,3500907,Altair,13,3451
3,Sudeste,35,São Paulo,3501004,Altinópolis,37,16818
3,Sudeste,35,São Paulo,3501103,Alto Alegre,16,3841
3,Sudeste,35,São Paulo,3501152,Alumínio,43,17301
3,Sudeste,35,São Paulo,3501202,Álvares Florence,11,3915
3,Sudeste,35,São Paulo,3501301,Álvares Machado,47,27255
3,Sudeste,35,São Paulo,3501400,Álvaro de Carvalho,13,4808
3,Sudeste,35,São Paulo,3501509,Alvinlândia,11,2885
3,Sudeste,35,São Paulo,3501608,Americana,514,237240
3,Sudeste,35,São Paulo,3501707,Américo Brasiliense,69,33019
3,Sudeste,35,São Paulo,3501806,Américo de Campos,16,5870
3,Sudeste,35,São Paulo,3501905,Amparo,152,68008
3,Sudeste,35,São Paulo,3502002,Analândia,17,4589
3,Sudeste,35,São Paulo,3502101,Andradina,119,59783
3,Sudeste,35,São Paulo,3502200,Angatuba,55,24022
3,Sudeste,35,São Paulo,3502309,Anhembi,38,5674
3,Sudeste,35,São Paulo,3502408,Anhumas,18,4023
3,Sudeste,35,São Paulo,3502507,Aparecida,78,32569
3,Sudeste,35,São Paulo,3502606,Aparecida d'Oeste,14,4086
3,Sudeste,35,São Paulo,3502705,Apiaí,82,24585
3,Sudeste,35,São Paulo,3502754,Araçariguama,45,21522
3,Sudeste,35,São Paulo,3502804,Araçatuba,506,200124
3,Sudeste,35,São Paulo,3502903,Araçoiaba da Serra,91,32443
3,Sudeste,35,São Paulo,3503000,Aramina,19,5420
3,Sudeste,35,São Paulo,3503109,Arandu,33,6885
3,Sudeste,35,São Paulo,3503158,Arapeí,9,2330
3,Sudeste,35,São Paulo,3503208,Araraquara,560,242228
3,Sudeste,35,São Paulo,3503307,Araras,355,130866
3,Sudeste,35,São Paulo,3503356,Arco-Íris,16,2044
3,Sudeste,35,São Paulo,3503406,Arealva,30,8130
3,Sudeste,35,São Paulo,3503505,Areias,20,3577
3,Sudeste,35,São Paulo,3503604,Areiópolis,27,10130
3,Sudeste,35,São Paulo,3503703,Ariranha,25,7602
3,Sudeste,35,São Paulo,3503802,Artur Nogueira,125,51456
3,Sudeste,35,São Paulo,3503901,Arujá,167,86678
3,Sudeste,35,São Paulo,3503950,Aspásia,6,1842
3,Sudeste,35,São Paulo,3504008,Assis,218,101409
3,Sudeste,35,São Paulo,3504107,Atibaia,368,158647
3,Sudeste,35,São Paulo,3504206,Auriflama,44,13692
3,Sudeste,35,São Paulo,3504305,Avaí,16,4483
3,Sudeste,35,São Paulo,3504404,Avanhandava,23,11263
3,Sudeste,35,São Paulo,3504503,Avaré,271,92805
3,Sudeste,35,São Paulo,3504602,Bady Bassitt,54,27260
3,Sudeste,35,São Paulo,3504701,Balbinos,5,3887
3,Sudeste,35,São Paulo,3504800,Bálsamo,23,9596
3,Sudeste,35,São Paulo,3504909,Bananal,32,9969
3,Sudeste,35,São Paulo,3505005,Barão de Antonina,13,3531
3,Sudeste,35,São Paulo,3505104,Barbosa,22,5640
3,Sudeste,35,São Paulo,3505203,Bariri,83,31595
3,Sudeste,35,São Paulo,3505302,Barra Bonita,85,34346
3,Sudeste,35,São Paulo,3505351,Barra do Chapéu,18,5179
3,Sudeste,35,São Paulo,3505401,Barra do Turvo,56,6876
3,Sudeste,35,São Paulo,3505500,Barretos,211,122485
3,Sudeste,35,São Paulo,3505609,Barrinha,68,32092
3,Sudeste,35,São Paulo,3505708,Barueri,479,316473
3,Sudeste,35,São Paulo,3505807,Bastos,64,21503
3,Sudeste,35,São Paulo,3505906,Batatais,121,58402
3,Sudeste,35,São Paulo,3506003,Bauru,674,379146
3,Sudeste,35,São Paulo,3506102,Bebedouro,164,76373
3,Sudeste,35,São Paulo,3506201,Bento de Abreu,11,2606
3,Sudeste,35,São Paulo,3506300,Bernardino de Campos,23,11607
3,Sudeste,35,São Paulo,3506359,Bertioga,294,64188
3,Sudeste,35,São Paulo,3506409,Bilac,20,7319
3,Sudeste,35,São Paulo,3506508,Birigui,288,118979
3,Sudeste,35,São Paulo,3506607,Biritiba Mirim,81,29683
3,Sudeste,35,São Paulo,3506706,Boa Esperança do Sul,33,12978
3,Sudeste,35,São Paulo,3506805,Bocaina,33,11259
3,Sudeste,35,São Paulo,3506904,Bofete,42,10460
3,Sudeste,35,São Paulo,3507001,Boituva,144,61081
3,Sudeste,35,São Paulo,3507100,Bom Jesus dos Perdões,69,22006
3,Sudeste,35,São Paulo,3507159,Bom Sucesso de Itararé,14,3555
3,Sudeste,35,São Paulo,3507209,Borá,8,907
3,Sudeste,35,São Paulo,3507308,Boracéia,12,4715
3,Sudeste,35,São Paulo,3507407,Borborema,50,14226
3,Sudeste,35,São Paulo,3507456,Borebi,11,2713
3,Sudeste,35,São Paulo,3507506,Botucatu,363,145155
3,Sudeste,35,São Paulo,3507605,Bragança Paulista,405,176811
3,Sudeste,35,São Paulo,3507704,Braúna,16,5356
3,Sudeste,35,São Paulo,3507753,Brejo Alegre,8,2565
3,Sudeste,35,São Paulo,3507803,Brodowski,47,25201
3,Sudeste,35,São Paulo,3507902,Brotas,66,23898
3,Sudeste,35,São Paulo,3508009,Buri,60,20250
3,Sudeste,35,São Paulo,3508108,Buritama,56,17210
3,Sudeste,35,São Paulo,3508207,Buritizal,12,4356
3,Sudeste,35,São Paulo,3508306,Cabrália Paulista,13,4299
3,Sudeste,35,São Paulo,3508405,Cabreúva,76,47011
3,Sudeste,35,São Paulo,3508504,Caçapava,195,96202
3,Sudeste,35,São Paulo,3508603,Cachoeira Paulista,92,31564
3,Sudeste,35,São Paulo,3508702,Caconde,46,17101
3,Sudeste,35,São Paulo,3508801,Cafelândia,65,16654
3,Sudeste,35,São Paulo,3508900,Caiabu,14,3712
3,Sudeste,35,São Paulo,3509007,Caieiras,204,95032
3,Sudeste,35,São Paulo,3509106,Caiuá,16,5466
3,Sudeste,35,São Paulo,3509205,Cajamar,240,92689
3,Sudeste,35,São Paulo,3509254,Cajati,65,28515
3,Sudeste,35,São Paulo,3509304,Cajobi,28,9133
3,Sudeste,35,São Paulo,3509403,Cajuru,42,23830
3,Sudeste,35,São Paulo,3509452,Campina do Monte Alegre,16,5954
3,Sudeste,35,São Paulo,3509502,Campinas,2511,1139047
3,Sudeste,35,São Paulo,3509601,Campo Limpo Paulista,237,77632
3,Sudeste,35,São Paulo,3509700,Campos do Jordão,161,46974
3,Sudeste,35,São Paulo,3509809,Campos Novos Paulista,14,4888
3,Sudeste,35,São Paulo,3509908,Cananéia,78,12289
3,Sudeste,35,São Paulo,3509957,Canas,14,4931
3,Sudeste,35,São Paulo,3510005,Cândido Mota,72,29449
3,Sudeste,35,São Paulo,3510104,Cândido Rodrigues,8,2889
3,Sudeste,35,São Paulo,3510153,Canitar,17,6283
3,Sudeste,35,São Paulo,3510203,Capão Bonito,116,46337
3,Sudeste,35,São Paulo,3510302,Capela do Alto,47,22866
3,Sudeste,35,São Paulo,3510401,Capivari,99,50068
3,Sudeste,35,São Paulo,3510500,Caraguatatuba,396,134873
3,Sudeste,35,São Paulo,3510609,Carapicuíba,846,386984
3,Sudeste,35,São Paulo,3510708,Cardoso,31,11345
3,Sudeste,35,São Paulo,3510807,Casa Branca,56,28083
3,Sudeste,35,São Paulo,3510906,Cássia dos Coqueiros,10,2799
3,Sudeste,35,São Paulo,3511003,Castilho,53,19977
3,Sudeste,35,São Paulo,3511102,Catanduva,304,115791
3,Sudeste,35,São Paulo,3511201,Catiguá,20,7003
3,Sudeste,35,São Paulo,3511300,Cedral,39,12618
3,Sudeste,35,São Paulo,3511409,Cerqueira César,70,21469
3,Sudeste,35,São Paulo,3511508,Cerquilho,75,44695
3,Sudeste,35,São Paulo,3511607,Cesário Lange,40,19048
3,Sudeste,35,São Paulo,3511706,Charqueada,39,15535
3,Sudeste,35,São Paulo,3511904,Clementina,18,6982
3,Sudeste,35,São Paulo,3512001,Colina,40,18486
3,Sudeste,35,São Paulo,3512100,Colômbia,21,6629
3,Sudeste,35,São Paulo,3512209,Conchal,54,28101
3,Sudeste,35,São Paulo,3512308,Conchas,50,15232
3,Sudeste,35,São Paulo,3512407,Cordeirópolis,60,24514
3,Sudeste,35,São Paulo,3512506,Coroados,15,5400
3,Sudeste,35,São Paulo,3512605,Coronel Macedo,16,4280
3,Sudeste,35,São Paulo,3512704,Corumbataí,14,4195
3,Sudeste,35,São Paulo,3512803,Cosmópolis,155,59773
3,Sudeste,35,São Paulo,3512902,Cosmorama,19,8719
3,Sudeste,35,São Paulo,3513009,Cotia,739,274413
3,Sudeste,35,São Paulo,3513108,Cravinhos,61,33281
3,Sudeste,35,São Paulo,3513207,Cristais Paulista,27,9272
3,Sudeste,35,São Paulo,3513306,Cruzália,7,2108
3,Sudeste,35,São Paulo,3513405,Cruzeiro,157,74961
3,Sudeste,35,São Paulo,3513504,Cubatão,278,112476
3,Sudeste,35,São Paulo,3513603,Cunha,74,22110
3,Sudeste,35,São Paulo,3513702,Descalvado,66,31756
3,Sudeste,35,São Paulo,3513801,Diadema,769,393237
3,Sudeste,35,São Paulo,3513850,Dirce Reis,13,1620
3,Sudeste,35,São Paulo,3513900,Divinolândia,28,11158
3,Sudeste,35,São Paulo,3514007,Dobrada,21,8759
3,Sudeste,35,São Paulo,3514106,Dois Córregos,78,24510
3,Sudeste,35,São Paulo,3514205,Dolcinópolis,12,2207
3,Sudeste,35,São Paulo,3514304,Dourado,18,8096
3,Sudeste,35,São Paulo,3514403,Dracena,116,45474
3,Sudeste,35,São Paulo,3514502,Duartina,37,12328
3,Sudeste,35,São Paulo,3514601,Dumont,25,9471
3,Sudeste,35,São Paulo,3514700,Echaporã,22,6205
3,Sudeste,35,São Paulo,3514809,Eldorado,78,13069
3,Sudeste,35,São Paulo,3514908,Elias Fausto,37,17699
3,Sudeste,35,São Paulo,3514924,Elisiário,13,3138
3,Sudeste,35,São Paulo,3514957,Embaúba,7,2323
3,Sudeste,35,São Paulo,3515004,Embu das Artes,638,250691
3,Sudeste,35,São Paulo,3515103,Embu-Guaçu,184,66970
3,Sudeste,35,São Paulo,3515129,Emilianópolis,11,3014
3,Sudeste,35,São Paulo,3515152,Engenheiro Coelho,48,19566
3,Sudeste,35,São Paulo,3515186,Espírito Santo do Pinhal,85,39816
3,Sudeste,35,São Paulo,3515194,Espírito Santo do Turvo,13,4157
3,Sudeste,35,São Paulo,3515202,Estrela d'Oeste,24,9417
3,Sudeste,35,São Paulo,3515301,Estrela do Norte,12,2703
3,Sudeste,35,São Paulo,3515350,Euclides da Cunha Paulista,23,7924
3,Sudeste,35,São Paulo,3515400,Fartura,47,16641
3,Sudeste,35,São Paulo,3515509,Fernandópolis,180,71186
3,Sudeste,35,São Paulo,3515608,Fernando Prestes,18,5942
3,Sudeste,35,São Paulo,3515657,Fernão,4,1656
3,Sudeste,35,São Paulo,3515707,Ferraz de Vasconcelos,397,179198
3,Sudeste,35,São Paulo,3515806,Flora Rica,8,1487
3,Sudeste,35,São Paulo,3515905,Floreal,12,2733
3,Sudeste,35,São Paulo,3516002,Flórida Paulista,35,12958
3,Sudeste,35,São Paulo,3516101,Florínea,20,3851
3,Sudeste,35,São Paulo,3516200,Franca,698,352536
3,Sudeste,35,São Paulo,3516309,Francisco Morato,397,165139
3,Sudeste,35,São Paulo,3516408,Franco da Rocha,369,144849
3,Sudeste,35,São Paulo,3516507,Gabriel Monteiro,10,2763
3,Sudeste,35,São Paulo,3516606,Gália,25,6380
3,Sudeste,35,São Paulo,3516705,Garça,114,42110
3,Sudeste,35,São Paulo,3516804,Gastão Vidigal,13,3252
3,Sudeste,35,São Paulo,3516853,Gavião Peixoto,10,4702
3,Sudeste,35,São Paulo,3516903,General Salgado,36,10312
3,Sudeste,35,São Paulo,3517000,Getulina,31,10232
3,Sudeste,35,São Paulo,3517109,Glicério,18,4138
3,Sudeste,35,São Paulo,3517208,Guaiçara,39,11239
3,Sudeste,35,São Paulo,3517307,Guaimbê,19,5512
3,Sudeste,35,São Paulo,3517406,Guaíra,73,39279
3,Sudeste,35,São Paulo,3517505,Guapiaçu,49,21711
3,Sudeste,35,São Paulo,3517604,Guapiara,50,17071
3,Sudeste,35,São Paulo,3517703,Guará,51,18606
3,Sudeste,35,São Paulo,3517802,Guaraçaí,25,7441
3,Sudeste,35,São Paulo,3517901,Guaraci,31,10350
3,Sudeste,35,São Paulo,3518008,Guarani d'Oeste,9,1968
3,Sudeste,35,São Paulo,3518107,Guarantã,19,6427
3,Sudeste,35,São Paulo,3518206,Guararapes,83,31043
3,Sudeste,35,São Paulo,3518305,Guararema,80,31236
3,Sudeste,35,São Paulo,3518404,Guaratinguetá,236,118044
3,Sudeste,35,São Paulo,3518503,Guareí,31,15013
3,Sudeste,35,São Paulo,3518602,Guariba,87,37498
3,Sudeste,35,São Paulo,3518701,Guarujá,768,287634
3,Sudeste,35,São Paulo,3518800,Guarulhos,2495,1291771
3,Sudeste,35,São Paulo,3518859,Guatapará,20,7320
3,Sudeste,35,São Paulo,3518909,Guzolândia,17,4246
3,Sudeste,35,São Paulo,3519006,Herculândia,36,9125
3,Sudeste,35,São Paulo,3519055,Holambra,32,15094
3,Sudeste,35,São Paulo,3519071,Hortolândia,370,236641
3,Sudeste,35,São Paulo,3519105,Iacanga,35,10437
3,Sudeste,35,São Paulo,3519204,Iacri,29,6131
3,Sudeste,35,São Paulo,3519253,Iaras,20,8010
3,Sudeste,35,São Paulo,3519303,Ibaté,59,32178
3,Sudeste,35,São Paulo,3519402,Ibirá,39,11690
3,Sudeste,35,São Paulo,3519501,Ibirarema,22,6385
3,Sudeste,35,São Paulo,3519600,Ibitinga,166,60033
3,Sudeste,35,São Paulo,3519709,Ibiúna,220,75605
3,Sudeste,35,São Paulo,3519808,Icém,22,7819
3,Sudeste,35,São Paulo,3519907,Iepê,26,7619
3,Sudeste,35,São Paulo,3520004,Igaraçu do Tietê,50,23106
3,Sudeste,35,São Paulo,3520103,Igarapava,70,26212
3,Sudeste,35,São Paulo,3520202,Igaratá,37,10605
3,Sudeste,35,São Paulo,3520301,Iguape,114,29115
3,Sudeste,35,São Paulo,3520400,Ilhabela,131,34934
3,Sudeste,35,São Paulo,3520426,Ilha Comprida,57,13419
3,Sudeste,35,São Paulo,3520442,Ilha Solteira,65,25549
3,Sudeste,35,São Paulo,3520509,Indaiatuba,362,255748
3,Sudeste,35,São Paulo,3520608,Indiana,13,5090
3,Sudeste,35,São Paulo,3520707,Indiaporã,14,4035
3,Sudeste,35,São Paulo,3520806,Inúbia Paulista,12,3615
3,Sudeste,35,São Paulo,3520905,Ipaussu,41,13712
3,Sudeste,35,São Paulo,3521002,Iperó,56,36459
3,Sudeste,35,São Paulo,3521101,Ipeúna,21,6831
3,Sudeste,35,São Paulo,3521150,Ipiguá,22,6761
3,Sudeste,35,São Paulo,3521200,Iporanga,60,4046
3,Sudeste,35,São Paulo,3521309,Ipuã,38,14454
3,Sudeste,35,São Paulo,3521408,Iracemápolis,58,21967
3,Sudeste,35,São Paulo,3521507,Irapuã,18,6867
3,Sudeste,35,São Paulo,3521606,Irapuru,25,7085
3,Sudeste,35,São Paulo,3521705,Itaberá,63,17983
3,Sudeste,35,São Paulo,3521804,Itaí,78,25180
3,Sudeste,35,São Paulo,3521903,Itajobi,53,16989
3,Sudeste,35,São Paulo,3522000,Itaju,18,3618
3,Sudeste,35,São Paulo,3522109,Itanhaém,308,112476
3,Sudeste,35,São Paulo,3522158,Itaoca,15,3422
3,Sudeste,35,São Paulo,3522208,Itapecerica da Serra,425,158522
3,Sudeste,35,São Paulo,3522307,Itapetininga,265,157790
3,Sudeste,35,São Paulo,3522406,Itapeva,176,89728
3,Sudeste,35,São Paulo,3522505,Itapevi,301,232297
3,Sudeste,35,São Paulo,3522604,Itapira,156,72022
3,Sudeste,35,São Paulo,3522653,Itapirapuã Paulista,13,4306
3,Sudeste,35,São Paulo,3522703,Itápolis,110,39493
3,Sudeste,35,São Paulo,3522802,Itaporanga,48,14085
3,Sudeste,35,São Paulo,3522901,Itapuí,37,13659
3,Sudeste,35,São Paulo,3523008,Itapura,14,3979
3,Sudeste,35,São Paulo,3523107,Itaquaquecetuba,616,369275
3,Sudeste,35,São Paulo,3523206,Itararé,172,44438
3,Sudeste,35,São Paulo,3523305,Itariri,58,15528
3,Sudeste,35,São Paulo,3523404,Itatiba,245,121590
3,Sudeste,35,São Paulo,3523503,Itatinga,59,19070
3,Sudeste,35,São Paulo,3523602,Itirapina,48,16148
3,Sudeste,35,São Paulo,3523701,Itirapuã,13,5779
3,Sudeste,35,São Paulo,3523800,Itobi,15,8046
3,Sudeste,35,São Paulo,3523909,Itu,275,168240
3,Sudeste,35,São Paulo,3524006,Itupeva,172,70616
3,Sudeste,35,São Paulo,3524105,Ituverava,92,37571
3,Sudeste,35,São Paulo,3524204,Jaborandi,17,6221
3,Sudeste,35,São Paulo,3524303,Jaboticabal,186,71821
3,Sudeste,35,São Paulo,3524402,Jacareí,565,240275
3,Sudeste,35,São Paulo,3524501,Jaci,16,7613
3,Sudeste,35,São Paulo,3524600,Jacupiranga,38,16097
3,Sudeste,35,São Paulo,3524709,Jaguariúna,109,59347
3,Sudeste,35,São Paulo,3524808,Jales,126,48776
3,Sudeste,35,São Paulo,3524907,Jambeiro,21,6397
3,Sudeste,35,São Paulo,3525003,Jandira,161,118045
3,Sudeste,35,São Paulo,3525102,Jardinópolis,78,45282
3,Sudeste,35,São Paulo,3525201,Jarinu,132,37535
3,Sudeste,35,São Paulo,3525300,Jaú,305,133497
3,Sudeste,35,São Paulo,3525409,Jeriquara,9,3863
3,Sudeste,35,São Paulo,3525508,Joanópolis,42,12815
3,Sudeste,35,São Paulo,3525607,João Ramalho,14,4371
3,Sudeste,35,São Paulo,3525706,José Bonifácio,75,36633
3,Sudeste,35,São Paulo,3525805,Júlio Mesquita,10,4254
3,Sudeste,35,São Paulo,3525854,Jumirim,14,3056
3,Sudeste,35,São Paulo,3525904,Jundiaí,1132,443221
3,Sudeste,35,São Paulo,3526001,Junqueirópolis,63,20448
3,Sudeste,35,São Paulo,3526100,Juquiá,46,17154
3,Sudeste,35,São Paulo,3526209,Juquitiba,114,27404
3,Sudeste,35,São Paulo,3526308,Lagoinha,17,5083
3,Sudeste,35,São Paulo,3526407,Laranjal Paulista,55,26261
3,Sudeste,35,São Paulo,3526506,Lavínia,21,9689
3,Sudeste,35,São Paulo,3526605,Lavrinhas,27,7171
3,Sudeste,35,São Paulo,3526704,Leme,170,98161
3,Sudeste,35,São Paulo,3526803,Lençóis Paulista,113,66505
3,Sudeste,35,São Paulo,3526902,Limeira,726,291869
3,Sudeste,35,São Paulo,3527009,Lindóia,19,7014
3,Sudeste,35,São Paulo,3527108,Lins,193,74779
3,Sudeste,35,São Paulo,3527207,Lorena,191,84855
3,Sudeste,35,São Paulo,3527256,Lourdes,10,1950
3,Sudeste,35,São Paulo,3527306,Louveira,83,51847
3,Sudeste,35,São Paulo,3527405,Lucélia,46,20061
3,Sudeste,35,São Paulo,3527504,Lucianópolis,8,2372
3,Sudeste,35,São Paulo,3527603,Luís Antônio,33,12265
3,Sudeste,35,São Paulo,3527702,Luiziânia,11,4701
3,Sudeste,35,São Paulo,3527801,Lupércio,12,3981
3,Sudeste,35,São Paulo,3527900,Lutécia,10,2661
3,Sudeste,35,São Paulo,3528007,Macatuba,29,16829
3,Sudeste,35,São Paulo,3528106,Macaubal,20,7481
3,Sudeste,35,São Paulo,3528205,Macedônia,13,3963
3,Sudeste,35,São Paulo,3528304,Magda,9,3165
3,Sudeste,35,São Paulo,3528403,Mairinque,99,50027
3,Sudeste,35,São Paulo,3528502,Mairiporã,428,93853
3,Sudeste,35,São Paulo,3528601,Manduri,31,9871
3,Sudeste,35,São Paulo,3528700,Marabá Paulista,11,4573
3,Sudeste,35,São Paulo,3528809,Maracaí,35,12673
3,Sudeste,35,São Paulo,3528858,Marapoama,12,3292
3,Sudeste,35,São Paulo,3528908,Mariápolis,17,3513
3,Sudeste,35,São Paulo,3529005,Marília,540,237627
3,Sudeste,35,São Paulo,3529104,Marinópolis,7,1860
3,Sudeste,35,São Paulo,3529203,Martinópolis,59,24881
3,Sudeste,35,São Paulo,3529302,Matão,173,79033
3,Sudeste,35,São Paulo,3529401,Mauá,823,418261
3,Sudeste,35,São Paulo,3529500,Mendonça,18,6159
3,Sudeste,35,São Paulo,3529609,Meridiano,14,4572
3,Sudeste,35,São Paulo,3529658,Mesópolis,12,1952
3,Sudeste,35,São Paulo,3529708,Miguelópolis,61,19441
3,Sudeste,35,São Paulo,3529807,Mineiros do Tietê,32,11230
3,Sudeste,35,São Paulo,3529906,Miracatu,77,18553
3,Sudeste,35,São Paulo,3530003,Mira Estrela,21,3126
3,Sudeste,35,São Paulo,3530102,Mirandópolis,78,27983
3,Sudeste,35,São Paulo,3530201,Mirante do Paranapanema,45,15917
3,Sudeste,35,São Paulo,3530300,Mirassol,127,63337
3,Sudeste,35,São Paulo,3530409,Mirassolândia,17,4669
3,Sudeste,35,São Paulo,3530508,Mococa,149,67681
3,Sudeste,35,São Paulo,3530607,Mogi das Cruzes,949,451505
3,Sudeste,35,São Paulo,3530706,Mogi Guaçu,290,153658
3,Sudeste,35,São Paulo,3530805,Mogi Mirim,164,92558
3,Sudeste,35,São Paulo,3530904,Mombuca,8,3722
3,Sudeste,35,São Paulo,3531001,Monções,12,1937
3,Sudeste,35,São Paulo,3531100,Mongaguá,180,61951
3,Sudeste,35,São Paulo,3531209,Monte Alegre do Sul,31,8627
3,Sudeste,35,São Paulo,3531308,Monte Alto,118,47574
3,Sudeste,35,São Paulo,3531407,Monte Aprazível,49,22280
3,Sudeste,35,São Paulo,3531506,Monte Azul Paulista,49,18151
3,Sudeste,35,São Paulo,3531605,Monte Castelo,14,4222
3,Sudeste,35,São Paulo,3531704,Monteiro Lobato,15,4138
3,Sudeste,35,São Paulo,3531803,Monte Mor,120,64662
3,Sudeste,35,São Paulo,3531902,Morro Agudo,79,27933
3,Sudeste,35,São Paulo,3532009,Morungaba,33,13720
3,Sudeste,35,São Paulo,3532058,Motuca,12,4034
3,Sudeste,35,São Paulo,3532108,Murutinga do Sul,9,3737
3,Sudeste,35,São Paulo,3532157,Nantes,11,2660
3,Sudeste,35,São Paulo,3532207,Narandiba,19,5713
3,Sudeste,35,São Paulo,3532306,Natividade da Serra,32,6999
3,Sudeste,35,São Paulo,3532405,Nazaré Paulista,73,18217
3,Sudeste,35,São Paulo,3532504,Neves Paulista,23,9699
3,Sudeste,35,São Paulo,3532603,Nhandeara,25,9852
3,Sudeste,35,São Paulo,3532702,Nipoã,10,4750
3,Sudeste,35,São Paulo,3532801,Nova Aliança,14,6693
3,Sudeste,35,São Paulo,3532827,Nova Campina,26,8497
3,Sudeste,35,São Paulo,3532843,Nova Canaã Paulista,12,2032
3,Sudeste,35,São Paulo,3532868,Nova Castilho,6,1062
3,Sudeste,35,São Paulo,3532900,Nova Europa,23,9311
3,Sudeste,35,São Paulo,3533007,Nova Granada,58,19419
3,Sudeste,35,São Paulo,3533106,Nova Guataporanga,9,2156
3,Sudeste,35,São Paulo,3533205,Nova Independência,14,4609
3,Sudeste,35,São Paulo,3533254,Novais,16,4412
3,Sudeste,35,São Paulo,3533304,Nova Luzitânia,12,2837
3,Sudeste,35,São Paulo,3533403,Nova Odessa,156,62019
3,Sudeste,35,São Paulo,3533502,Novo Horizonte,116,38324
3,Sudeste,35,São Paulo,3533601,Nuporanga,24,7391
3,Sudeste,35,São Paulo,3533700,Ocauçu,13,4331
3,Sudeste,35,São Paulo,3533809,Óleo,18,2512
3,Sudeste,35,São Paulo,3533908,Olímpia,120,55074
3,Sudeste,35,São Paulo,3534005,Onda Verde,12,4771
3,Sudeste,35,São Paulo,3534104,Oriente,18,6085
3,Sudeste,35,São Paulo,3534203,Orindiúva,15,6024
3,Sudeste,35,São Paulo,3534302,Orlândia,80,38319
3,Sudeste,35,São Paulo,3534401,Osasco,1472,728615
3,Sudeste,35,São Paulo,3534500,Oscar Bressane,11,2470
3,Sudeste,35,São Paulo,3534609,Osvaldo Cruz,77,31272
3,Sudeste,35,São Paulo,3534708,Ourinhos,290,103970
3,Sudeste,35,São Paulo,3534757,Ouroeste,30,10294
3,Sudeste,35,São Paulo,3534807,Ouro Verde,26,7779
3,Sudeste,35,São Paulo,3534906,Pacaembu,32,14877
3,Sudeste,35,São Paulo,3535002,Palestina,38,11476
3,Sudeste,35,São Paulo,3535101,Palmares Paulista,28,9650
3,Sudeste,35,São Paulo,3535200,Palmeira d'Oeste,32,8903
3,Sudeste,35,São Paulo,3535309,Palmital,50,19594
3,Sudeste,35,São Paulo,3535408,Panorama,38,14964
3,Sudeste,35,São Paulo,3535507,Paraguaçu Paulista,94,41120
3,Sudeste,35,São Paulo,3535606,Paraibuna,62,17667
3,Sudeste,35,São Paulo,3535705,Paraíso,19,6099
3,Sudeste,35,São Paulo,3535804,Paranapanema,65,19395
3,Sudeste,35,São Paulo,3535903,Paranapuã,11,4031
3,Sudeste,35,São Paulo,3536000,Parapuã,49,10580
3,Sudeste,35,São Paulo,3536109,Pardinho,31,7153
3,Sudeste,35,São Paulo,3536208,Pariquera-Açu,54,19233
3,Sudeste,35,São Paulo,3536257,Parisi,5,2892
3,Sudeste,35,São Paulo,3536307,Patrocínio Paulista,36,14512
3,Sudeste,35,São Paulo,3536406,Paulicéia,36,7955
3,Sudeste,35,São Paulo,3536505,Paulínia,187,110537
3,Sudeste,35,São Paulo,3536570,Paulistânia,8,2090
3,Sudeste,35,São Paulo,3536604,Paulo de Faria,26,7400
3,Sudeste,35,São Paulo,3536703,Pederneiras,117,44827
3,Sudeste,35,São Paulo,3536802,Pedra Bela,20,6557
3,Sudeste,35,São Paulo,3536901,Pedranópolis,12,2787
3,Sudeste,35,São Paulo,3537008,Pedregulho,42,15525
3,Sudeste,35,São Paulo,3537107,Pedreira,90,43112
3,Sudeste,35,São Paulo,3537156,Pedrinhas Paulista,6,2804
3,Sudeste,35,São Paulo,3537206,Pedro de Toledo,37,11281
3,Sudeste,35,São Paulo,3537305,Penápolis,132,61679
3,Sudeste,35,São Paulo,3537404,Pereira Barreto,59,24095
3,Sudeste,35,São Paulo,3537503,Pereiras,23,8737
3,Sudeste,35,São Paulo,3537602,Peruíbe,194,68352
3,Sudeste,35,São Paulo,3537701,Piacatu,20,5519
3,Sudeste,35,São Paulo,3537800,Piedade,143,52970
3,Sudeste,35,São Paulo,3537909,Pilar do Sul,57,27619
3,Sudeste,35,São Paulo,3538006,Pindamonhangaba,377,165428
3,Sudeste,35,São Paulo,3538105,Pindorama,51,14542
3,Sudeste,35,São Paulo,3538204,Pinhalzinho,43,15224
3,Sudeste,35,São Paulo,3538303,Piquerobi,9,3264
3,Sudeste,35,São Paulo,3538501,Piquete,38,12490
3,Sudeste,35,São Paulo,3538600,Piracaia,93,26029
3,Sudeste,35,São Paulo,3538709,Piracicaba,877,423323
3,Sudeste,35,São Paulo,3538808,Piraju,71,29436
3,Sudeste,35,São Paulo,3538907,Pirajuí,57,22431
3,Sudeste,35,São Paulo,3539004,Pirangi,24,10885
3,Sudeste,35,São Paulo,3539103,Pirapora do Bom Jesus,35,18370
3,Sudeste,35,São Paulo,3539202,Pirapozinho,53,25348
3,Sudeste,35,São Paulo,3539301,Pirassununga,145,73545
3,Sudeste,35,São Paulo,3539400,Piratininga,28,15108
3,Sudeste,35,São Paulo,3539509,Pitangueiras,82,33674
3,Sudeste,35,São Paulo,3539608,Planalto,13,4389
3,Sudeste,35,São Paulo,3539707,Platina,10,3025
3,Sudeste,35,São Paulo,3539806,Poá,222,103765
3,Sudeste,35,São Paulo,3539905,Poloni,12,5592
3,Sudeste,35,São Paulo,3540002,Pompéia,54,20196
3,Sudeste,35,São Paulo,3540101,Pongaí,16,3395
3,Sudeste,35,São Paulo,3540200,Pontal,82,37607
3,Sudeste,35,São Paulo,3540259,Pontalinda,15,4127
3,Sudeste,35,São Paulo,3540309,Pontes Gestal,9,2387
3,Sudeste,35,São Paulo,3540408,Populina,16,4127
3,Sudeste,35,São Paulo,3540507,Porangaba,37,10451
3,Sudeste,35,São Paulo,3540606,Porto Feliz,93,56497
3,Sudeste,35,São Paulo,3540705,Porto Ferreira,94,52649
3,Sudeste,35,São Paulo,3540754,Potim,40,20392
3,Sudeste,35,São Paulo,3540804,Potirendaba,50,18496
3,Sudeste,35,São Paulo,3540853,Pracinha,4,2578
3,Sudeste,35,São Paulo,3540903,Pradópolis,34,17078
3,Sudeste,35,São Paulo,3541000,Praia Grande,991,349935
3,Sudeste,35,São Paulo,3541059,Pratânia,20,5126
3,Sudeste,35,São Paulo,3541109,Presidente Alves,14,3804
3,Sudeste,35,São Paulo,3541208,Presidente Bernardes,45,14490
3,Sudeste,35,São Paulo,3541307,Presidente Epitácio,98,39505
3,Sudeste,35,São Paulo,3541406,Presidente Prudente,397,225668
3,Sudeste,35,São Paulo,3541505,Presidente Venceslau,76,35201
3,Sudeste,35,São Paulo,3541604,Promissão,79,35131
3,Sudeste,35,São Paulo,3541653,Quadra,11,3405
3,Sudeste,35,São Paulo,3541703,Quatá,32,13163
3,Sudeste,35,São Paulo,3541802,Queiroz,17,3265
3,Sudeste,35,São Paulo,3541901,Queluz,28,9159
3,Sudeste,35,São Paulo,3542008,Quintana,26,7038
3,Sudeste,35,São Paulo,3542107,Rafard,18,8965
3,Sudeste,35,São Paulo,3542206,Rancharia,65,28588
3,Sudeste,35,São Paulo,3542305,Redenção da Serra,24,4494
3,Sudeste,35,São Paulo,3542404,Regente Feijó,45,20145
3,Sudeste,35,São Paulo,3542503,Reginópolis,17,7662
3,Sudeste,35,São Paulo,3542602,Registro,117,59947
3,Sudeste,35,São Paulo,3542701,Restinga,16,6404
3,Sudeste,35,São Paulo,3542800,Ribeira,11,3132
3,Sudeste,35,São Paulo,3542909,Ribeirão Bonito,28,10989
3,Sudeste,35,São Paulo,3543006,Ribeirão Branco,52,18627
3,Sudeste,35,São Paulo,3543105,Ribeirão Corrente,12,4608
3,Sudeste,35,São Paulo,3543204,Ribeirão do Sul,21,4677
3,Sudeste,35,São Paulo,3543238,Ribeirão dos Índios,9,2025
3,Sudeste,35,São Paulo,3543253,Ribeirão Grande,27,7450
3,Sudeste,35,São Paulo,3543303,Ribeirão Pires,203,115559
3,Sudeste,35,São Paulo,3543402,Ribeirão Preto,1409,698642
3,Sudeste,35,São Paulo,3543501,Riversul,16,5599
3,Sudeste,35,São Paulo,3543600,Rifaina,13,4049
3,Sudeste,35,São Paulo,3543709,Rincão,20,9098
3,Sudeste,35,São Paulo,3543808,Rinópolis,47,9259
3,Sudeste,35,São Paulo,3543907,Rio Claro,400,201418
3,Sudeste,35,São Paulo,3544004,Rio das Pedras,68,31328
3,Sudeste,35,São Paulo,3544103,Rio Grande da Serra,80,44170
3,Sudeste,35,São Paulo,3544202,Riolândia,23,10309
3,Sudeste,35,São Paulo,3544251,Rosana,52,17440
3,Sudeste,35,São Paulo,3544301,Roseira,30,10832
3,Sudeste,35,São Paulo,3544400,Rubiácea,11,2700
3,Sudeste,35,São Paulo,3544509,Rubinéia,29,3833
3,Sudeste,35,São Paulo,3544608,Sabino,25,5112
3,Sudeste,35,São Paulo,3544707,Sagres,9,2474
3,Sudeste,35,São Paulo,3544806,Sales,28,6437
3,Sudeste,35,São Paulo,3544905,Sales Oliveira,30,11411
3,Sudeste,35,São Paulo,3545001,Salesópolis,47,15202
3,Sudeste,35,São Paulo,3545100,Salmourão,12,4808
3,Sudeste,35,São Paulo,3545159,Saltinho,19,8161
3,Sudeste,35,São Paulo,3545209,Salto,197,134319
3,Sudeste,35,São Paulo,3545308,Salto de Pirapora,92,43748
3,Sudeste,35,São Paulo,3545407,Salto Grande,33,9050
3,Sudeste,35,São Paulo,3545506,Sandovalina,7,3645
3,Sudeste,35,São Paulo,3545605,Santa Adélia,40,14018
3,Sudeste,35,São Paulo,3545704,Santa Albertina,25,6393
3,Sudeste,35,São Paulo,3545803,Santa Bárbara d'Oeste,402,183347
3,Sudeste,35,São Paulo,3546009,Santa Branca,39,13975
3,Sudeste,35,São Paulo,3546108,Santa Clara d'Oeste,14,2598
3,Sudeste,35,São Paulo,3546207,Santa Cruz da Conceição,15,4277
3,Sudeste,35,São Paulo,3546256,Santa Cruz da Esperança,5,2116
3,Sudeste,35,São Paulo,3546306,Santa Cruz das Palmeiras,65,28864
3,Sudeste,35,São Paulo,3546405,Santa Cruz do Rio Pardo,128,46442
3,Sudeste,35,São Paulo,3546504,Santa Ernestina,17,6118
3,Sudeste,35,São Paulo,3546603,Santa Fé do Sul,91,34794
3,Sudeste,35,São Paulo,3546702,Santa Gertrudes,52,23611
3,Sudeste,35,São Paulo,3546801,Santa Isabel,129,53174
3,Sudeste,35,São Paulo,3546900,Santa Lúcia,17,7149
3,Sudeste,35,São Paulo,3547007,Santa Maria da Serra,13,5243
3,Sudeste,35,São Paulo,3547106,Santa Mercedes,8,2956
3,Sudeste,35,São Paulo,3547205,Santana da Ponte Pensa,7,1670
3,Sudeste,35,São Paulo,3547304,Santana de Parnaíba,182,154105
3,Sudeste,35,São Paulo,3547403,Santa Rita d'Oeste,13,2733
3,Sudeste,35,São Paulo,3547502,Santa Rita do Passa Quatro,67,24833
3,Sudeste,35,São Paulo,3547601,Santa Rosa de Viterbo,47,23411
3,Sudeste,35,São Paulo,3547650,Santa Salete,7,1645
3,Sudeste,35,São Paulo,3547700,Santo Anastácio,49,17963
3,Sudeste,35,São Paulo,3547809,Santo André,1672,748919
3,Sudeste,35,São Paulo,3547908,Santo Antônio da Alegria,13,6775
3,Sudeste,35,São Paulo,3548005,Santo Antônio de Posse,48,23244
3,Sudeste,35,São Paulo,3548054,Santo Antônio do Aracanguá,49,8379
3,Sudeste,35,São Paulo,3548104,Santo Antônio do Jardim,16,6126
3,Sudeste,35,São Paulo,3548203,Santo Antônio do Pinhal,22,7133
3,Sudeste,35,São Paulo,3548302,Santo Expedito,16,3000
3,Sudeste,35,São Paulo,3548401,Santópolis do Aguapeí,9,3899
3,Sudeste,35,São Paulo,3548500,Santos,1020,418608
3,Sudeste,35,São Paulo,3548609,São Bento do Sapucaí,34,11674
3,Sudeste,35,São Paulo,3548708,São Bernardo do Campo,1776,810729
3,Sudeste,35,São Paulo,3548807,São Caetano do Sul,433,165655
3,Sudeste,35,São Paulo,3548906,São Carlos,463,254857
3,Sudeste,35,São Paulo,3549003,São Francisco,7,2602
3,Sudeste,35,São Paulo,3549102,São João da Boa Vista,192,92547
3,Sudeste,35,São Paulo,3549201,São João das Duas Pontes,8,2580
3,Sudeste,35,São Paulo,3549250,São João de Iracema,7,1846
3,Sudeste,35,São Paulo,3549300,São João do Pau d'Alho,15,2242
3,Sudeste,35,São Paulo,3549409,São Joaquim da Barra,97,48558
3,Sudeste,35,São Paulo,3549508,São José da Bela Vista,17,7626
3,Sudeste,35,São Paulo,3549607,São José do Barreiro,13,3853
3,Sudeste,35,São Paulo,3549706,São José do Rio Pardo,111,52205
3,Sudeste,35,São Paulo,3549805,São José do Rio Preto,1132,480393
3,Sudeste,35,São Paulo,3549904,São José dos Campos,1570,697054
3,Sudeste,35,São Paulo,3549953,São Lourenço da Serra,50,16067
3,Sudeste,35,São Paulo,3550001,São Luiz do Paraitinga,32,10337
3,Sudeste,35,São Paulo,3550100,São Manuel,111,37289
3,Sudeste,35,São Paulo,3550209,São Miguel Arcanjo,72,32039
3,Sudeste,35,São Paulo,3550308,São Paulo,27592,11451999
3,Sudeste,35,São Paulo,3550407,São Pedro,90,38256
3,Sudeste,35,São Paulo,3550506,São Pedro do Turvo,27,7217
3,Sudeste,35,São Paulo,3550605,São Roque,159,79484
3,Sudeste,35,São Paulo,3550704,São Sebastião,301,81595
3,Sudeste,35,São Paulo,3550803,São Sebastião da Grama,24,10441
3,Sudeste,35,São Paulo,3550902,São Simão,34,13442
3,Sudeste,35,São Paulo,3551009,São Vicente,659,329911
3,Sudeste,35,São Paulo,3551108,Sarapuí,26,10369
3,Sudeste,35,São Paulo,3551207,Sarutaiá,14,3704
3,Sudeste,35,São Paulo,3551306,Sebastianópolis do Sul,9,3130
3,Sudeste,35,São Paulo,3551405,Serra Azul,28,12746
3,Sudeste,35,São Paulo,3551504,Serrana,78,43909
3,Sudeste,35,São Paulo,3551603,Serra Negra,64,29894
3,Sudeste,35,São Paulo,3551702,Sertãozinho,307,126887
3,Sudeste,35,São Paulo,3551801,Sete Barras,42,12730
3,Sudeste,35,São Paulo,3551900,Severínia,34,14576
3,Sudeste,35,São Paulo,3552007,Silveiras,20,6186
3,Sudeste,35,São Paulo,3552106,Socorro,110,40122
3,Sudeste,35,São Paulo,3552205,Sorocaba,1107,723682
3,Sudeste,35,São Paulo,3552304,Sud Mennucci,25,7355
3,Sudeste,35,São Paulo,3552403,Sumaré,436,279545
3,Sudeste,35,São Paulo,3552502,Suzano,640,307429
3,Sudeste,35,São Paulo,3552551,Suzanápolis,10,3408
3,Sudeste,35,São Paulo,3552601,Tabapuã,45,11323
3,Sudeste,35,São Paulo,3552700,Tabatinga,44,14769
3,Sudeste,35,São Paulo,3552809,Taboão da Serra,610,273542
3,Sudeste,35,São Paulo,3552908,Taciba,18,6260
3,Sudeste,35,São Paulo,3553005,Taguaí,33,12669
3,Sudeste,35,São Paulo,3553104,Taiaçu,15,5677
3,Sudeste,35,São Paulo,3553203,Taiúva,18,6548
3,Sudeste,35,São Paulo,3553302,Tambaú,48,21435
3,Sudeste,35,São Paulo,3553401,Tanabi,59,25265
3,Sudeste,35,São Paulo,3553500,Tapiraí,28,7996
3,Sudeste,35,São Paulo,3553609,Tapiratiba,28,11816
3,Sudeste,35,São Paulo,3553658,Taquaral,10,2619
3,Sudeste,35,São Paulo,3553708,Taquaritinga,138,52260
3,Sudeste,35,São Paulo,3553807,Taquarituba,79,24350
3,Sudeste,35,São Paulo,3553856,Taquarivaí,14,6876
3,Sudeste,35,São Paulo,3553906,Tarabai,12,6536
3,Sudeste,35,São Paulo,3553955,Tarumã,33,14882
3,Sudeste,35,São Paulo,3554003,Tatuí,303,123942
3,Sudeste,35,São Paulo,3554102,Taubaté,658,310739
3,Sudeste,35,São Paulo,3554201,Tejupá,16,4127
3,Sudeste,35,São Paulo,3554300,Teodoro Sampaio,53,22173
3,Sudeste,35,São Paulo,3554409,Terra Roxa,20,7904
3,Sudeste,35,São Paulo,3554508,Tietê,68,37663
3,Sudeste,35,São Paulo,3554607,Timburi,8,2464
3,Sudeste,35,São Paulo,3554656,Torre de Pedra,11,2046
3,Sudeste,35,São Paulo,3554706,Torrinha,30,9335
3,Sudeste,35,São Paulo,3554755,Trabiju,4,1682
3,Sudeste,35,São Paulo,3554805,Tremembé,125,51173
3,Sudeste,35,São Paulo,3554904,Três Fronteiras,30,6804
3,Sudeste,35,São Paulo,3554953,Tuiuti,21,6778
3,Sudeste,35,São Paulo,3555000,Tupã,157,63928
3,Sudeste,35,São Paulo,3555109,Tupi Paulista,47,15854
3,Sudeste,35,São Paulo,3555208,Turiúba,12,1818
3,Sudeste,35,São Paulo,3555307,Turmalina,10,1669
3,Sudeste,35,São Paulo,3555356,Ubarana,12,5365
3,Sudeste,35,São Paulo,3555406,Ubatuba,416,92981
3,Sudeste,35,São Paulo,3555505,Ubirajara,19,5132
3,Sudeste,35,São Paulo,3555604,Uchoa,32,10394
3,Sudeste,35,São Paulo,3555703,União Paulista,3,1603
3,Sudeste,35,São Paulo,3555802,Urânia,24,8833
3,Sudeste,35,São Paulo,3555901,Uru,5,1387
3,Sudeste,35,São Paulo,3556008,Urupês,33,13744
3,Sudeste,35,São Paulo,3556107,Valentim Gentil,24,14098
3,Sudeste,35,São Paulo,3556206,Valinhos,221,126373
3,Sudeste,35,São Paulo,3556305,Valparaíso,53,24241
3,Sudeste,35,São Paulo,3556354,Vargem,26,10512
3,Sudeste,35,São Paulo,3556404,Vargem Grande do Sul,81,40133
3,Sudeste,35,São Paulo,3556453,Vargem Grande Paulista,139,50415
3,Sudeste,35,São Paulo,3556503,Várzea Paulista,241,115771
3,Sudeste,35,São Paulo,3556602,Vera Cruz,28,10176
3,Sudeste,35,São Paulo,3556701,Vinhedo,147,76540
3,Sudeste,35,São Paulo,3556800,Viradouro,48,17414
3,Sudeste,35,São Paulo,3556909,Vista Alegre do Alto,20,8109
3,Sudeste,35,São Paulo,3556958,Vitória Brasil,8,1794
3,Sudeste,35,São Paulo,3557006,Votorantim,206,127923
3,Sudeste,35,São Paulo,3557105,Votuporanga,147,96634
3,Sudeste,35,São Paulo,3557154,Zacarias,19,2692
3,Sudeste,35,São Paulo,3557204,Chavantes,37,12211
3,Sudeste,35,São Paulo,3557303,Estiva Gerbi,25,11295